{"name":"Darksiders Warmastered Edition","id":"CUSA05347","version":"01.00","process":"eboot.bin","mods":[{"name":"Godmode","type":"checkbox","memory":[{"offset":"6b7b38","on":"C5FA58C1","off":"C5FA5CC1"}]},{"name":"Infinite Wrath","type":"checkbox","memory":[{"offset":"1f9478","on":"9090909090","off":"C5FA114304"}]},{"name":"Infinite Chaos","type":"checkbox","memory":[{"offset":"1f96c6","on":"0F44CA","off":"0F4CCA"}]},{"name":"Refill Chaos On 1 Hit","type":"checkbox","memory":[{"offset":"1f9afe","on":"C5FA115308","off":"C5FA114B08"}]},{"name":"Infinite Horse Burst","type":"checkbox","memory":[{"offset":"33f0a9","on":"909090909090","off":"89835C060000"}]},{"name":"Get Souls For Spending Them","type":"checkbox","memory":[{"offset":"6d8817","on":"C5F258C0","off":"C5F25CC0"}]}],"credits":["Vampirexx"]}