{"name":"COD: Black Ops 4","id":"CUSA11100","version":"01.18","process":"eboot.bin","mods":[{"name":"All Client Infinite Ammo","type":"checkbox","memory":[{"offset":"178c4cc","on":"90909090909090","off":"89848A24130000"}]},{"name":"All Client Godmode","type":"checkbox","memory":[{"offset":"b8dc14","on":"9090909090909090","off":"4389840140030000"}]},{"name":"Infinite Points","type":"checkbox","memory":[{"offset":"ed545d","on":"4D89B61C440000","off":"4189861C440000"}]},{"name":"Infinite Specialist / Grenades","type":"checkbox","memory":[{"offset":"705dba","on":"909090909090","off":"C4C17A114518"},{"offset":"e959a3","on":"C7030000C842909090","off":"C5FA1045ACC5FA1103"}]}],"credits":["DeathRGH"]}