{"name":"Minecraft","id":"CUSA00744","version":"02.35","process":"eboot.bin","mods":[{"name":"Bypass Signin And Show Lan Games Are Not playble","type":"checkbox","memory":[{"offset":"6d0f54","on":"0f95","off":"0f94"}]},{"name":"Change Minecraft Platform Edition To Xbox One/X/S","type":"checkbox","memory":[{"offset":"34E2640","on":"B80D","off":"B80B"}]},{"name":"You Are Able To Change Your Skin","type":"checkbox","memory":[{"offset":"6218DC5","on":"7522","off":"7422"}]},{"name":"Show Dev Real Names Of Strings","type":"checkbox","memory":[{"offset":"12AE8DA","on":"7543","off":"7443"}]}],"credits":["NELUxP MoDz"]}