{"name":"inFAMOUS™ Second Son","id":"CUSA00004","version":"01.07","process":"eboot.bin","mods":[{"name":"Godmode","type":"checkbox","memory":[{"offset":"215C17","on":"909090909090909090","off":"C4C17A119650EE0100"}]},{"name":"Infinite Energy","type":"checkbox","memory":[{"offset":"20C7F9","on":"90909090909090909090","off":"C4C17A118424E8A10100"}]},{"name":"Infinite Bombs / Rockets","type":"checkbox","memory":[{"offset":"1E35A8","on":"BE0500000089B7DC0000009090","off":"89B7DC00000080BFC90A020000"}]},{"name":"Infinite Skillpoints / Shards","type":"checkbox","memory":[{"offset":"1E22A4","on":"BBE7030000899FE00000009090","off":"899FE000000080BFC90A020000"}]},{"name":"Max Level True Hero","type":"button","memory":[{"offset":"EFADB8","on":"A0E68745","off":"A0E68745"}]},{"name":"Max Level Infamous","type":"button","memory":[{"offset":"EFADB8","on":"00CAE6FD","off":"00CAE6FD"}]}],"credits":["Weysincha"]}