{"name":"Assassin's Creed® Odyssey","id":"CUSA12042","version":"01.51","process":"eboot.bin","mods":[{"name":"Infinite HP","type":"checkbox","memory":[{"offset":"3A64242","on":"909090909090","off":"898F30010000"}]},{"name":"Infinite Adrenaline","type":"checkbox","memory":[{"offset":"87FB811","on":"418B9EAC02000041899EA8020000E9ED3125FB","off":"00000000000000000000000000000000000000"},{"offset":"3A4EA0A","on":"E902CEDA049090","off":"41899EA8020000"}]},{"name":"Infinite Resources","type":"checkbox","memory":[{"offset":"87FB824","on":"29C849C747F83F420F00E9F422AAFB","off":"000000000000000000000000000000"},{"offset":"429DB21","on":"E9FEDC550490","off":"29C8418947F8"}]},{"name":"Hunter High Damage","type":"checkbox","memory":[{"offset":"87FB833","on":"41C74424407F969800E9860E06FC","off":"0000000000000000000000000000"},{"offset":"485C6C2","on":"E96CF1F903","off":"4189442440"}]},{"name":"Ship Infinite Stamina Adrenaline","type":"checkbox","memory":[{"offset":"87FB84F","on":"C5FA1143508B4350E934355BFD","off":"00000000000000000000000000"},{"offset":"5DAED87","on":"E9C3CAA40290909090","off":"C4C17A1146188B4350"}]},{"name":"Infinite Ability Points","type":"checkbox","memory":[{"offset":"87FB85C","on":"66C741100F278B41102B4114E935A0DEFC","off":"0000000000000000000000000000000000"},{"offset":"55E589C","on":"E9BB5F210390","off":"8B41102B4114"}]}],"credits":["Saso"]}