{"name":"BioShock : The Collection","id":"CUSA03979","version":"01.00","process":"LaunchOrbis.elf","mods":[{"name":"Godmode","type":"checkbox","memory":[{"offset":"b0fad","on":"E93E94D401909090","off":"C5FA118BD0060000"},{"offset":"1dfa3f0","on":"813B48C544020F8505000000E9B46B2BFEC5FA118BD0060000E9A76B2BFE","off":"000000000000000000000000000000000000000000000000000000000000"}]},{"name":"Infinite Eve","type":"checkbox","memory":[{"offset":"c3cb8","on":"9090909090909090","off":"C5FA118B680D0000"}]},{"name":"Infinite Ammo","type":"checkbox","memory":[{"offset":"184200","on":"909090909090","off":"89B080000000"}]},{"name":"No Reload","type":"checkbox","memory":[{"offset":"f0d1d6","on":"909090","off":"418907"}]},{"name":"2x Money After Spend","type":"checkbox","memory":[{"offset":"c408a","on":"01","off":"89"}]},{"name":"2x Adam After Spend","type":"checkbox","memory":[{"offset":"c4442","on":"4101","off":"4189"}]}],"credits":["Talixme"]}