{"name":"Dead Rising 4: Frank's Big Package","id":"CUSA08558","version":"01.00","process":"eboot.bin","mods":[{"name":"God-Mode/Weapon Damage Meter","type":"checkbox","memory":[{"offset":"1d5f792","on":"9090909085C07E6C","off":"4189451485C07E6C"}]},{"name":"Unlimited Skill Points","type":"checkbox","memory":[{"offset":"175b4be","on":"909090909090488B","off":"FF88601B0000488B"}]},{"name":"Unlimited Ammo/All Weapons","type":"checkbox","memory":[{"offset":"1d1fb2b","on":"9090909090488B85","off":"C5FA114328488B85"}]},{"name":"Max XP","type":"checkbox","memory":[{"offset":"d7ee05","on":"41031F41807F0500","off":"418B1F41807F0500"}]}],"credits":["PS4Guru"]}