{"name":"Extinction","id":"CUSA11687","version":"01.00","process":"eboot.bin","mods":[{"name":"Max Infinite Health","type":"checkbox","memory":[{"offset":"46D7813","on":"C7878C1C000000008442C5FA10878C1C0000E9A2409FFB","off":"0000000000000000000000000000000000000000000000"},{"offset":"CB8C4","on":"E94ABF6004909090","off":"C5FA10878C1C0000"}]},{"name":"Earn SP on Spend","type":"checkbox","memory":[{"offset":"1DF13E","on":"01F0","off":"29F0"}]},{"name":"Max SP (999,999)","type":"checkbox","memory":[{"offset":"46D7800","on":"C7878C0900003F420F00E94379B0FB","off":"000000000000000000000000000000"},{"offset":"1DF14C","on":"E9AF864F0490","off":"89878C090000"}]},{"name":"Max Infinite Rune Energy","type":"checkbox","memory":[{"offset":"46D782E","on":"C787CC1100000000C842C5FA1087CC110000E9B308B5FB","off":"0000000000000000000000000000000000000000000000"},{"offset":"2280F0","on":"E939F74A04909090","off":"C5FA1087CC110000"}]},{"name":"Max Infinite Mission Timer (100 Mins)","type":"checkbox","memory":[{"offset":"46D7849","on":"C747400080BB45C5FA104740E98EA5BAFB","off":"0000000000000000000000000000000000"},{"offset":"281DE3","on":"E9615A4504","off":"C5FA114740"}]},{"name":"Increasing Mission Timer","type":"checkbox","memory":[{"offset":"281DDB","on":"C5F258C0","off":"C5F25CC0"}]},{"name":"Freeze Mission Timer","type":"checkbox","memory":[{"offset":"281DE3","on":"9090909090","off":"C5FA114740"}]}],"credits":["Arafat"]}