{"name":"Dead Nation™: Apocalypse Edition","id":"CUSA00176","version":"01.03","process":"eboot.bin","mods":[{"name":"Infinite Health","type":"checkbox","memory":[{"offset":"fb7c01","on":"C5F25D48605348BB003DAE06020000004839C37505C5FA1048605BE9F0CF0DFF","off":"0000000000000000000000000000000000000000000000000000000000000000"},{"offset":"94c0c","on":"E9F02FF200","off":"C5F25D4860"}]},{"name":"Infinite Ammo","type":"checkbox","memory":[{"offset":"9009c","on":"9090909090","off":"E9C1060000"},{"offset":"90110","on":"9090","off":"29C2"}]},{"name":"Infinite Flares / Grenades / Molotovs and Mines","type":"checkbox","memory":[{"offset":"90754","on":"9090","off":"FFC8"}]},{"name":"Infinite Money Part1","type":"checkbox","memory":[{"offset":"9dd12","on":"90909090","off":"41294504"}]},{"name":"Infinite Money Part2","type":"checkbox","memory":[{"offset":"9de42","on":"90909090","off":"41294704"}]},{"name":"Infinite Money Part3","type":"checkbox","memory":[{"offset":"9e17d","on":"90909090","off":"41294504"}]},{"name":"Infinite Stamina","type":"checkbox","memory":[{"offset":"9c7375","on":"C5FA110F","off":"C5FA1117"}]}],"credits":["Vampirexx"]}