{"name":"COD: Black Ops 4","id":"CUSA11100","version":"01.25","process":"eboot.bin","mods":[{"name":"All Client Infinite Ammo","type":"checkbox","memory":[{"offset":"17b015c","on":"90909090909090","off":"89848A24130000"}]},{"name":"All Client Godmode","type":"checkbox","memory":[{"offset":"b9f994","on":"9090909090909090","off":"4389840148030000"}]},{"name":"Infinite Points","type":"checkbox","memory":[{"offset":"ee874d","on":"4D89B66C440000","off":"4189866C440000"}]},{"name":"Infinite Specialist / Grenades","type":"checkbox","memory":[{"offset":"70d78a","on":"909090909090","off":"C4C17A114518"},{"offset":"ea8b83","on":"C7030000C842909090","off":"C5FA1045ACC5FA1103"},{"offset":"70d709","on":"41C745180000C84290909090","off":"C4C17A1155180F8595000000"}]},{"name":"Infinite Shield Durability","type":"checkbox","memory":[{"offset":"1844852","on":"9090","off":"8919"}]},{"name":"1-Hit Kill","type":"checkbox","memory":[{"offset":"1692a6e","on":"29C090","off":"4429E8"}]},{"name":"Draw Lobby Debug","type":"checkbox","memory":[{"offset":"12b27b7","on":"E9A900000090","off":"0F85A8000000"}]},{"name":"Remove Dvar Protections","type":"checkbox","memory":[{"offset":"15b65fe","on":"909090909090","off":"0F856B060000"},{"offset":"15b6606","on":"909090909090","off":"0F885A060000"}]},{"name":"Spoof Lobby ZM","type":"button","memory":[{"offset":"49dab28","on":"40400000","off":"40400000"}]},{"name":"Spoof Lobby WZ","type":"button","memory":[{"offset":"49dab28","on":"43400000","off":"43400000"}]},{"name":"exec wz default settings.cfg","type":"button","memory":[{"offset":"adc22a0","on":"657865632067616D65646174612F636F6E666967732F777A2F777A5F64656661756C745F73657474696E67732E6366670A00","off":"657865632067616D65646174612F636F6E666967732F777A2F777A5F64656661756C745F73657474696E67732E6366670A00"},{"offset":"ae3f2ac","on":"31","off":"31"}]},{"name":"map wz open skyscrapers","type":"button","memory":[{"offset":"adc22a0","on":"6D617020777A5F6F70656E5F736B79736372617065727300","off":"6D617020777A5F6F70656E5F736B79736372617065727300"},{"offset":"ae3f2ac","on":"18","off":"18"}]},{"name":"map wz escape","type":"button","memory":[{"offset":"adc22a0","on":"6D617020777A5F65736361706500","off":"6D617020777A5F65736361706500"},{"offset":"ae3f2ac","on":"0D","off":"0D"}]},{"name":"sv mapname wz open skyscrapers","type":"button","memory":[{"offset":"adc22a0","on":"73765F6D61706E616D6520777A5F6F70656E5F736B79736372617065727300","off":"73765F6D61706E616D6520777A5F6F70656E5F736B79736372617065727300"},{"offset":"ae3f2ac","on":"1E","off":"1E"}]},{"name":"disconnect","type":"button","memory":[{"offset":"adc22a0","on":"646973636F6E6E65637400","off":"646973636F6E6E65637400"},{"offset":"ae3f2ac","on":"0A","off":"0A"}]},{"name":"Blackout Step 1","type":"button","memory":[{"offset":"15b2580","on":"C3","off":"C3"}]},{"name":"Blackout Step 2","type":"button","memory":[{"offset":"b5a830","on":"C3","off":"C3"}]},{"name":"Blackout Step 3","type":"button","memory":[{"offset":"15b2580","on":"55","off":"55"}]},{"name":"Patch FindXAssetHeader","type":"button","memory":[{"offset":"db7358","on":"909090909090","off":"909090909090"},{"offset":"db7389","on":"909090909090","off":"909090909090"},{"offset":"db75cc","on":"E919FDFFFF","off":"E919FDFFFF"},{"offset":"a7c9c7","on":"EBAA","off":"EBAA"}]}],"credits":["DeathRGH"]}