{"name":"DAYS GONE","id":"CUSA09175","version":"01.51","process":"eboot.bin","mods":[{"name":"Infinite Stamina","type":"checkbox","memory":[{"offset":"0127DC97","on":"90909090","off":"488914C1"}]},{"name":"Infinite Items","type":"checkbox","memory":[{"offset":"01270700","on":"C3","off":"55"}]},{"name":"Infinite Nitrogen","type":"checkbox","memory":[{"offset":"0151BF56","on":"90909090","off":"C5EA5CD1"}]},{"name":"Infinite Silencer","type":"checkbox","memory":[{"offset":"0160A75E","on":"898370030000","off":"898B70030000"}]},{"name":"Infinite Weapon Durability","type":"checkbox","memory":[{"offset":"015D9938","on":"C5F828C1","off":"C5F25CC0"}]},{"name":"Infinite Ammo","type":"checkbox","memory":[{"offset":"126C803","on":"9090","off":"29D0"},{"offset":"126E177","on":"9090","off":"29D1"}]},{"name":"Master Code for Infinite Health and One Hit Kill(MUST ENABLE)","type":"checkbox","memory":[{"offset":"565A100","on":"6641813F20C6740EC4C17A1087BC1F0000E9A5C6CBFBC4C17A1087BC1F0000E997C6CBFB","off":"000000000000000000000000000000000000000000000000000000000000000000000000"},{"offset":"13167B2","on":"E94939340490909090","off":"C4C17A1087BC1F0000"}]},{"name":"Infinite Health (NEEDS MASTERCODE)","type":"checkbox","memory":[{"offset":"565A116","on":"C4C17A1087CC1F0000","off":"C4C17A1087BC1F0000"},{"offset":"565A11F","on":"E99FC6CBFB","off":"E997C6CBFB"}]},{"name":"One Hit Kill (NEEDS MASTERCODE)","type":"checkbox","memory":[{"offset":"565A108","on":"C4C17A1087C01F0000","off":"C4C17A1087BC1F0000"}]},{"name":"Bottomless Clip","type":"checkbox","memory":[{"offset":"15BE0BF","on":"9090","off":"FF0B"},{"offset":"15B4DC3","on":"90909090909090","off":"41898600280000"}]},{"name":"Infinite Bandages","type":"checkbox","memory":[{"offset":"1270755","on":"9090","off":"29D0"}]},{"name":"Infinite Credits","type":"checkbox","memory":[{"offset":"1178296","on":"89C0","off":"29F0"}]},{"name":"Instant LevelUp","type":"checkbox","memory":[{"offset":"E75A4F","on":"8B43549090","off":"E88C000000"}]},{"name":"Molotov: Ignore Crafting Limit","type":"checkbox","memory":[{"offset":"126FDB5","on":"9090","off":"29C3"}]},{"name":"Infinite Gas(Fuel)","type":"checkbox","memory":[{"offset":"14E824D","on":"90909090","off":"C5F82EC1"}]},{"name":"Infinite Focus and Stamina","type":"checkbox","memory":[{"offset":"2410928","on":"90909090","off":"C5FA1106"}]}],"credits":["TylerMods+TLH+sili+Ibrahim+x3shakir"]}