{"name":".hack//G.U Last Recode [Vol.1 Rebirth]","id":"CUSA07691","version":"01.00","process":"hackGU_vol1.elf","mods":[{"name":"Godmode","type":"checkbox","memory":[{"offset":"34e498","on":"66018BCC010000","off":"66898BCC010000"}]},{"name":"Infinite FP","type":"checkbox","memory":[{"offset":"357ee6","on":"66410185CE010000","off":"66418985CE010000"}]},{"name":"Infinite GS/Money","type":"checkbox","memory":[{"offset":"512c05","on":"B97F969800","off":"29D10F48CE"}]},{"name":"Infinite Chims","type":"checkbox","memory":[{"offset":"511ee0","on":"66BAE703","off":"660F49D1"}]},{"name":"Items not decrease ","type":"checkbox","memory":[{"offset":"50e126","on":"90909090909090","off":"889487A2160000"}]},{"name":"Fast EXP/leveling ","type":"checkbox","memory":[{"offset":"3d7c8f","on":"6645017E02","off":"6645897E02"}]},{"name":"Set Arena SP to 1090","type":"button","memory":[{"offset":"27baa58c4","on":"4204","off":"4204"}]}],"credits":["Weysincha"]}