{"name":"COD: Black Ops III","id":"CUSA02624","version":"01.33","process":"eboot.bin","mods":[{"name":"All Client Godmode","type":"checkbox","memory":[{"offset":"9a1e30","on":"C3","off":"55"}]},{"name":"All Client Infinite Ammo","type":"checkbox","memory":[{"offset":"1193e2a","on":"909090","off":"448928"},{"offset":"9adc88","on":"9090","off":"8918"}]},{"name":"Super Jump","type":"checkbox","memory":[{"offset":"12b5fbc","on":"00C07944","off":"00001C42"}]},{"name":"FPS Counter","type":"checkbox","memory":[{"offset":"5eefcb","on":"909090909090","off":"0F843A180000"}]},{"name":"Lagometer","type":"checkbox","memory":[{"offset":"5f4b6f","on":"9090","off":"7415"},{"offset":"5f4b84","on":"EB0D","off":"740D"}]}],"credits":["DeathRGH"]}