{"name":"Metal Gear Solid V: Phantom Pain","id":"CUSA01140","version":"01.16","process":"eboot.bin","mods":[{"name":"Max GMP","type":"button","memory":[{"offset":"37e78d4","on":"4C4B40","off":"4C4B40"}]},{"name":"Max Fuel Resources","type":"button","memory":[{"offset":"37f5d60","on":"F4240","off":"F4240"}]},{"name":"Max Biological Material","type":"button","memory":[{"offset":"37f5d64","on":"F4240","off":"F4240"}]},{"name":"Max Common Metal","type":"button","memory":[{"offset":"37f5d68","on":"F4240","off":"F4240"}]},{"name":"Max Minor Metal","type":"button","memory":[{"offset":"37f5d6c","on":"F4240","off":"F4240"}]},{"name":"Max Precious Metal","type":"button","memory":[{"offset":"37f5d70","on":"F4240","off":"F4240"}]},{"name":"Max Wormwood","type":"button","memory":[{"offset":"37f5d74","on":"2EE0","off":"2EE0"}]},{"name":"Max Black Carrot","type":"button","memory":[{"offset":"37f5d78","on":"2EE0","off":"2EE0"}]},{"name":"Max Golden Crescent","type":"button","memory":[{"offset":"37f5d7c","on":"2EE0","off":"2EE0"}]},{"name":"Max Tarragon","type":"button","memory":[{"offset":"37f5d80","on":"2EE0","off":"2EE0"}]},{"name":"Max African Peach","type":"button","memory":[{"offset":"37f5d84","on":"2EE0","off":"2EE0"}]},{"name":"Max Digitalis Purpurea","type":"button","memory":[{"offset":"37f5d88","on":"2EE0","off":"2EE0"}]},{"name":"Max Digitalis Lutea","type":"button","memory":[{"offset":"37f5d8c","on":"2EE0","off":"2EE0"}]},{"name":"Max Haoma","type":"button","memory":[{"offset":"37f5d90","on":"2EE0","off":"2EE0"}]},{"name":"Mist Parasites","type":"button","memory":[{"offset":"37f5dd8","on":"1770","off":"1770"}]},{"name":"Camouflage Parasites","type":"button","memory":[{"offset":"37f5ddc","on":"1770","off":"1770"}]},{"name":"Armor Parasites","type":"button","memory":[{"offset":"37f5de0","on":"1770","off":"1770"}]},{"name":"CCCP-WG TYPE-C","type":"button","memory":[{"offset":"37f5dc0","on":"1770","off":"1770"}]},{"name":"CCCP-WG TYPE-A","type":"button","memory":[{"offset":"37f5dc4","on":"1770","off":"1770"}]},{"name":"CFA-WG TYPE-C","type":"button","memory":[{"offset":"37f5dc8","on":"1770","off":"1770"}]},{"name":"CFA-WG TYPE-A","type":"button","memory":[{"offset":"37f5dcc","on":"1770","off":"1770"}]}],"credits":["hejran7"]}