{"name":"Shenmue III","id":"CUSA12289","version":"01.01","process":"eboot.bin","mods":[{"name":"Infinite money","type":"checkbox","memory":[{"offset":"6778FB","on":"909090","off":"8B4028"}]},{"name":"Infinite Token","type":"checkbox","memory":[{"offset":"6779EB","on":"909090","off":"8B402C"}]},{"name":"Infinite Item","type":"checkbox","memory":[{"offset":"63FD4D","on":"909090","off":"8B0488"}]},{"name":"Infinite Stamina","type":"checkbox","memory":[{"offset":"63C8D4","on":"9090909090909090","off":"C5FA1197B0000000"}]}],"credits":["IMnoob"]}