{"name":"COD: Modern Warfare 2 Remastered","id":"CUSA07904","version":"01.00","process":"default.elf","mods":[{"name":"Infinite Ammo","type":"checkbox","memory":[{"offset":"6cdde0","on":"90909090","off":"29548808"}]},{"name":"Godmode","type":"checkbox","memory":[{"offset":"a33061","on":"83BF1801000000740590909090C3554889E54157E98C74A0FF","off":"00000000000000000000000000000000000000000000000000"},{"offset":"43a500","on":"E95C8B5F0090","off":"554889E54157"}]},{"name":"No Sway","type":"checkbox","memory":[{"offset":"6b2728","on":"90909090909090","off":"41018718060000"},{"offset":"6b2602","on":"90909090909090","off":"41018718060000"}]}],"credits":["DeathRGH"]}