{"name":"Harry Potter Years 1-4","id":"CUSA05935","version":"01.00","process":"harry1.elf","mods":[{"name":"Godmode","type":"checkbox","memory":[{"offset":"9efc01","on":"0FB6BE3E160000C7863E16000004040000E9AD1CB7FF90","off":"0000000000000000000000000000000000000000000000"},{"offset":"5618bd","on":"E93FE348009090","off":"0FB6BE3E160000"}]},{"name":"Double Studs On Pick Up","type":"checkbox","memory":[{"offset":"5b735e","on":"49011F4881FB8096","off":"49891F4881FB8096"}]}],"credits":["PS4Guru","Molly"]}