{"name":"Homefront�:The Revolution","id":"CUSA00938","version":"01.00","process":"eboot.bin","mods":[{"name":"Godmode","type":"checkbox","memory":[{"offset":"15ae17","on":"9090909090909090","off":"49898C2498020000"}]},{"name":"Infinite Item and Ammo","type":"checkbox","memory":[{"offset":"18329e8","on":"4E","off":"4F"}]},{"name":"No Reload","type":"checkbox","memory":[{"offset":"8b400e","on":"9090909090","off":"4189540808"}]},{"name":"Infinite Hack Time","type":"checkbox","memory":[{"offset":"7fed74","on":"93","off":"8B"}]},{"name":"Player High Speed","type":"button","memory":[{"offset":"252c780","on":"","off":""}]},{"name":"Player Normal Speed","type":"button","memory":[{"offset":"252c780","on":"","off":""}]}],"credits":["Fullcodes"]}