{"name":"Resident Evil Origins Collection","id":"CUSA02882","version":"01.00","process":"bh0hd.elf","mods":[{"name":"Health / 1 Hit Mastercode","type":"checkbox","memory":[{"offset":"AFF800","on":"000066817F0113F1750B803DEFFFFFFF017416EB0E803DE5FFFFFF017505BE0000000089B750130000E9588C66FF","off":"00000000000000000000000000000000000000000000000000000000000000000000000000000000000000000000"},{"offset":"168480","on":"E97D73990090","off":"89B750130000"}]},{"name":"Infinite Health","type":"checkbox","memory":[{"offset":"AFF800","on":"01","off":"00"}]},{"name":"1 Hit Kills","type":"checkbox","memory":[{"offset":"AFF801","on":"01","off":"00"}]},{"name":"Infinite Tapes / Save w/o Tapes","type":"checkbox","memory":[{"offset":"1109B7","on":"9090","off":"29C8"},{"offset":"110B25","on":"EB2A","off":"742A"}]},{"name":"Bottomless Clip","type":"checkbox","memory":[{"offset":"1112A7","on":"9090","off":"29C1"}]},{"name":"Infinite Ammo","type":"checkbox","memory":[{"offset":"1115CF","on":"9090","off":"29FE"}]},{"name":"Freeze SaveCounter","type":"checkbox","memory":[{"offset":"28A350","on":"9090","off":"FF00"}]},{"name":"Infinite Items","type":"checkbox","memory":[{"offset":"110BD5","on":"909090909090909090","off":"4BC744E60400000000"}]}],"credits":["TLH"]}