{"name":"COD: Black Ops 4","id":"CUSA12443","version":"01.24","process":"eboot.bin","mods":[{"name":"All Client Infinite Ammo","type":"checkbox","memory":[{"offset":"17a5c7c","on":"90909090909090","off":"89848A24130000"}]},{"name":"All Client Godmode","type":"checkbox","memory":[{"offset":"b9db04","on":"9090909090909090","off":"4389840148030000"}]},{"name":"Infinite Points","type":"checkbox","memory":[{"offset":"ee670d","on":"4D89B65C440000","off":"4189865C440000"}]},{"name":"Infinite Specialist / Grenades","type":"checkbox","memory":[{"offset":"70a8da","on":"909090909090","off":"C4C17A114518"},{"offset":"ea6d53","on":"C7030000C842909090","off":"C5FA1045ACC5FA1103"},{"offset":"70a859","on":"41C745180000C84290909090","off":"C4C17A1155180F8595000000"}]},{"name":"Infinite Shield Durability","type":"checkbox","memory":[{"offset":"1839f52","on":"9090","off":"8919"}]},{"name":"1-Hit Kill","type":"checkbox","memory":[{"offset":"16887fe","on":"29C090","off":"4429E8"}]},{"name":"Draw Lobby Debug","type":"checkbox","memory":[{"offset":"12ae857","on":"E9A900000090","off":"0F85A8000000"}]}],"credits":["DeathRGH"]}