{"name":"Terraria","id":"CUSA00737","version":"01.00","process":"eboot.bin","mods":[{"name":"Godmode","type":"checkbox","memory":[{"offset":"26bd1d","on":"9090909090909090","off":"664429A35E2A0000"},{"offset":"2792c9","on":"909090909090909090","off":"6641898C245E2A0000"},{"offset":"267b69","on":"9090909090909090","off":"664189865E2A0000"}]},{"name":"Infinite Mana","type":"checkbox","memory":[{"offset":"270512","on":"909090909090909090","off":"6641898424602A0000"}]},{"name":"Infinite Items","type":"checkbox","memory":[{"offset":"27dee5","on":"9090","off":"FFC8"}]}],"credits":["DeathRGH"]}