{"name":"WATCH_DOGS™","id":"CUSA00016","version":"01.00","process":"eboot.bin","mods":[{"name":"Infinite Health","type":"checkbox","memory":[{"offset":"459B827","on":"4981F900020000740AC5FA114318E93F99FDFCC5FA114B18E93599FDFC","off":"0000000000000000000000000000000000000000000000000000000000"},{"offset":"1575174","on":"E9AE660203","off":"C5FA114318"}]},{"name":"Infinite Ammo/Gadgets","type":"checkbox","memory":[{"offset":"376732","on":"909090","off":"89420C"}]},{"name":"Bottomless Clip/No Reload","type":"checkbox","memory":[{"offset":"3B3C06","on":"9090909090909090","off":"41FF8C2490000000"}]},{"name":"Max Infinite Ammo/Gadgets","type":"checkbox","memory":[{"offset":"459B800","on":"0F46C166C7420CE703E927AFDDFB","off":"0000000000000000000000000000"},{"offset":"37672F","on":"E9CC50220490","off":"0F46C189420C"}]},{"name":"Infinite Skill Points/Cash","type":"checkbox","memory":[{"offset":"858D00","on":"9090909090909090","off":"4729ACA78C000000"}]},{"name":"Earn Skill Points/Cash on Spend","type":"checkbox","memory":[{"offset":"858D00","on":"4701ACA78C000000","off":"4729ACA78C000000"}]},{"name":"Max Infinite Skill Points/Cash","type":"checkbox","memory":[{"offset":"459B812","on":"4BC784A78C0000003F420F00E9E5D42BFC","off":"0000000000000000000000000000000000"},{"offset":"858D00","on":"E90D2BD403909090","off":"4729ACA78C000000"}]},{"name":"Max Infinite Battery","type":"checkbox","memory":[{"offset":"C0732","on":"C5FA1183DC000000","off":"C5FA118BDC000000"}]},{"name":"Max Infinite Focus","type":"checkbox","memory":[{"offset":"459B848","on":"66C783880100000900E97039CDFB","off":"0000000000000000000000000000"},{"offset":"26F1BE","on":"E985C63204909090","off":"C5FA118388010000"}]}],"credits":["Arafat"]}