{"name":"KINGDOM HEARTS Ⅲ","id":"CUSA12025","version":"01.10","process":"eboot.bin","mods":[{"name":"Munny","type":"checkbox","memory":[{"offset":"6CED3C","on":"909090909090","off":"81F93F420F00"}]},{"name":"+1 Discard item","type":"checkbox","memory":[{"offset":"1EE32A3","on":"8D5101","off":"8D51FF"}]},{"name":"Max Exp","type":"checkbox","memory":[{"offset":"13B63D1","on":"909090909090","off":"81FB7F969800"}]},{"name":"99 items buy / pick (Do Not Use With Ultima Weapon)","type":"checkbox","memory":[{"offset":"8EF7800","on":"0FB6C2B263418816E982F246F8","off":"00000000000000000000000000"},{"offset":"1366A89","on":"E9720DB90790","off":"0FB6C2418816"}]},{"name":"99 items / sell","type":"checkbox","memory":[{"offset":"8EF780E","on":"0FB6D1B1638808E978194CF8","off":"000000000000000000000000"},{"offset":"13B918D","on":"E97CE6B307","off":"0FB6D18808"}]},{"name":"99 Materials","type":"checkbox","memory":[{"offset":"8EF781B","on":"6641BF6300664689BC775E9C0000E9AE6B33F9","off":"00000000000000000000000000000000000000"},{"offset":"222E3D3","on":"E94394CC0690909090","off":"664689BC775E9C0000"}]},{"name":"No Mana Recharge Time","type":"checkbox","memory":[{"offset":"6CDC0A","on":"9090","off":"791C"}]},{"name":"Inf MP","type":"checkbox","memory":[{"offset":"8EF782F","on":"8993EC0500004139D675004489B3EC050000E9BF637DF7","off":"0000000000000000000000000000000000000000000000"},{"offset":"6CDBFF","on":"E92B9C820890","off":"8993EC050000"}]},{"name":"Synthesis Mats needed 999","type":"checkbox","memory":[{"offset":"222BD91","on":"89F790","off":"0F4DFE"},{"offset":"222BEA6","on":"89F790","off":"0F4DFE"},{"offset":"222BFCC","on":"89F790","off":"0F4DFE"},{"offset":"222C0F5","on":"89F790","off":"0F4DFE"},{"offset":"222C21E","on":"89F790","off":"0F4DFE"},{"offset":"222C347","on":"89F790","off":"0F4DFE"}]},{"name":"Upgrade Weapon Mats 999","type":"checkbox","memory":[{"offset":"21F7FEE","on":"909090909090","off":"81F9E8030000"},{"offset":"21F80E5","on":"909090909090","off":"81F9E8030000"},{"offset":"21F81DC","on":"909090909090","off":"81F9E8030000"},{"offset":"21F82D3","on":"909090909090","off":"81F9E8030000"},{"offset":"21F83CA","on":"909090909090","off":"81F9E8030000"},{"offset":"21F84C1","on":"909090909090","off":"81F9E8030000"}]},{"name":"Infinite Focus","type":"checkbox","memory":[{"offset":"6CDE9F","on":"8983FC050000","off":"8993FC050000"}]},{"name":"Potion buy / pick = Ultima Weapon (Do Not Use With 99 item buy / pick)","type":"checkbox","memory":[{"offset":"8EF7846","on":"B2014188564CE93EF246F8","off":"0000000000000000000000"},{"offset":"1366A89","on":"E9B80DB90790","off":"0FB6C2418816"}]}],"credits":["d01v"]}