{"name":"DEATH STRANDING™","id":"CUSA12605","version":"01.01","process":"eboot.bin","mods":[{"name":"Infinite Ammo","type":"checkbox","memory":[{"offset":"1A92211","on":"9090","off":"39D9"}]},{"name":"Infinite Ammo (sticky gun)","type":"checkbox","memory":[{"offset":"1845743","on":"9090","off":"29F0"}]},{"name":"Infinite health","type":"checkbox","memory":[{"offset":"179786E","on":"90909090","off":"C5FA1100"}]},{"name":"run with  (max cargo)","type":"checkbox","memory":[{"offset":"1EF2D72","on":"9090909090","off":"C5FA11400C"}]},{"name":"Infinite (repair spray/ ladder/PCC/climbing anchor )","type":"checkbox","memory":[{"offset":"1845743","on":"9090","off":"29F0"}]},{"name":"Metals Never Decrease","type":"checkbox","memory":[{"offset":"2C693C8","on":"909090","off":"4829F1"}]},{"name":"Resins Never Decrease","type":"checkbox","memory":[{"offset":"2C693AA","on":"909090","off":"4829F1"}]},{"name":"crystals Never Decrease","type":"checkbox","memory":[{"offset":"2C6938D","on":"909090","off":"4829F1"}]},{"name":"Ceramics Never Decrease","type":"checkbox","memory":[{"offset":"2C693E6","on":"909090","off":"4829F1"}]},{"name":"Special alloys Never Decrease","type":"checkbox","memory":[{"offset":"2C69427","on":"90909090","off":"48894858"}]},{"name":"Chemicals Never Decrease","type":"checkbox","memory":[{"offset":"2C69404","on":"909090","off":"4829F1"}]}],"credits":["wild31"]}