{"name":"NieR:Automata","id":"CUSA04480","version":"01.06","process":"eboot.bin","mods":[{"name":"Infinite Health","type":"checkbox","memory":[{"offset":"2E430B","on":"909090","off":"4429F0"}]},{"name":"Max Funds ( On Spend )","type":"checkbox","memory":[{"offset":"1389670","on":"C7003F420F00488B4750E99B7B38FF","off":"000000000000000000000000000000"},{"offset":"711214","on":"E95784C70090","off":"0130488B4750"}]},{"name":"Instant Lvl 99","type":"checkbox","memory":[{"offset":"6B4772","on":"01C990","off":"0F4EC8"}]},{"name":"Max Items (On Pick)","type":"checkbox","memory":[{"offset":"13896B0","on":"4403730866C743086300E9E18D38FF","off":"000000000000000000000000000000"},{"offset":"712498","on":"E91372C700909090","off":"4403730844897308"}]}],"credits":["Saso"]}