{"name":"FINAL FANTASY VII REMAKE","id":"CUSA07211","version":"01.01","process":"eboot.bin","mods":[{"name":"Max+ Inf HP | All Party","type":"checkbox","memory":[{"offset":"6321C00","on":"41BE0F2700004489740830E9B627B1FA","off":"00000000000000000000000000000000"},{"offset":"E343C1","on":"E93AD84E05","off":"4489740830"}]},{"name":"Max+ Inf MP | All Party","type":"checkbox","memory":[{"offset":"6321C12","on":"41BEE70300004489740838E9AB2AB1FA","off":"00000000000000000000000000000000"},{"offset":"E346C8","on":"E945D54E05","off":"4489740838"}]},{"name":"Instant Full+ Inf ATB | All Party","type":"checkbox","memory":[{"offset":"6321C24","on":"C5FA11440844C74408440000FA44E91525B1FA","off":"00000000000000000000000000000000000000"},{"offset":"E34146","on":"E9D9DA4E0590","off":"C5FA11440844"}]},{"name":"Instant Limit Break | Upon Getting Hit","type":"checkbox","memory":[{"offset":"6323049","on":"C5FA11440824C744082400803B45E9101AB1FA","off":"00000000000000000000000000000000000000"},{"offset":"E34A66","on":"E9DEE54E0590","off":"C5FA11440824"}]},{"name":"Instant Action Button","type":"checkbox","memory":[{"offset":"6323014","on":"C5FA118403A4000000C78403A4000000E21D0040E93EC329FB","off":"00000000000000000000000000000000000000000000000000"},{"offset":"15BF362","on":"E9AD3CD60490909090","off":"C5FA118403A4000000"}]},{"name":"Max SP On Gain/Spend","type":"checkbox","memory":[{"offset":"6321D05","on":"B80F27000041898424A0000000E900FFBCFA","off":"000000000000000000000000000000000000"},{"offset":"EF1C0F","on":"E9F1004305909090","off":"41898424A0000000"}]},{"name":"Infinite Gil","type":"checkbox","memory":[{"offset":"E90CEA","on":"9090909090909090","off":"4489B4C33C560300"}]},{"name":"Max Gil On Buy","type":"checkbox","memory":[{"offset":"E90CEA","on":"48898CC33C560300","off":"4489B4C33C560300"}]},{"name":"Infinite Items On Sell","type":"checkbox","memory":[{"offset":"E90F88","on":"9090909090909090","off":"41898CC73C560300"}]},{"name":"Gain Items on Sell | Gain Key Items On Use","type":"checkbox","memory":[{"offset":"E90F7B","on":"4401F1","off":"4429F1"}]},{"name":"Infinite Items | Use","type":"checkbox","memory":[{"offset":"E884B0","on":"909090","off":"2B500C"}]},{"name":"Gain Items On Use","type":"checkbox","memory":[{"offset":"E884B0","on":"03500C","off":"2B500C"}]},{"name":"Unlock All Items","type":"checkbox","memory":[{"offset":"6321C39","on":"C784C33C560300630000008B84C33C560300E9C0EDB6FA","off":"0000000000000000000000000000000000000000000000"},{"offset":"E90A09","on":"E92B1249059090","off":"8B84C33C560300"}]},{"name":"Materia Max LvL After Battle","type":"checkbox","memory":[{"offset":"6323031","on":"4181C47F9698004689A42838180000E9B3EFB8FA","off":"0000000000000000000000000000000000000000"},{"offset":"EB1FF0","on":"E93C104705909090","off":"4689A42838180000"}]},{"name":"Freeze Playtime Timer","type":"checkbox","memory":[{"offset":"EA65DA","on":"9090909090909090","off":"4189B424100B0000"}]},{"name":"Rest Playtime Timer","type":"checkbox","memory":[{"offset":"6321CF1","on":"BE000000004189B424100B0000E9DF48B8FA","off":"000000000000000000000000000000000000"},{"offset":"EA65DA","on":"E912B74705909090","off":"4189B424100B0000"}]},{"name":"Infinite Moogle Medals","type":"checkbox","memory":[{"offset":"E90F88","on":"9090909090909090","off":"41898CC73C560300"}]},{"name":"Max Moogle Medals On Spend","type":"checkbox","memory":[{"offset":"6323060","on":"B93F420F0041898CC73C560300E91EDFB6FA","off":"000000000000000000000000000000000000"},{"offset":"E90F88","on":"E9D3204905909090","off":"41898CC73C560300"}]},{"name":"Boost EXP","type":"checkbox","memory":[{"offset":"6321C64","on":"83C2644189543040E9D3CAB8FA","off":"00000000000000000000000000"},{"offset":"EAE73F","on":"E920354705","off":"4189543040"}]},{"name":"Extra EXP","type":"checkbox","memory":[{"offset":"6321C75","on":"81C2960000004189543040E9BFCAB8FA","off":"00000000000000000000000000000000"},{"offset":"EAE73F","on":"E931354705","off":"4189543040"}]},{"name":"Even More EXP","type":"checkbox","memory":[{"offset":"6321C87","on":"81C2C80000004189543040E9ADCAB8FA","off":"00000000000000000000000000000000"},{"offset":"EAE73F","on":"E943354705","off":"4189543040"}]},{"name":"Lots Of EXP","type":"checkbox","memory":[{"offset":"6321C99","on":"81C22C0100004189543040E99BCAB8FA","off":"00000000000000000000000000000000"},{"offset":"EAE73F","on":"E955354705","off":"4189543040"}]},{"name":"Hella EXP","type":"checkbox","memory":[{"offset":"6323000","on":"81C2C40900004189543040E934B7B8FA","off":"00000000000000000000000000000000"},{"offset":"EAE73F","on":"E9BC484705","off":"4189543040"}]},{"name":"EXP OVERLORD | MAX LEVEL","type":"checkbox","memory":[{"offset":"6321CE0","on":"BA3F420F004189543040E955CAB8FA","off":"000000000000000000000000000000"},{"offset":"EAE73F","on":"E99C354705","off":"4189543040"}]},{"name":"Rest Level Back To 1","type":"checkbox","memory":[{"offset":"6321CCF","on":"BA640000004189543040E966CAB8FA","off":"000000000000000000000000000000"},{"offset":"EAE73F","on":"E98B354705","off":"4189543040"}]},{"name":"Infinite Spinning Splash | Bike Special Attack","type":"checkbox","memory":[{"offset":"1CDC7DD","on":"C5FA1188E0010000","off":"C5FA1180E0010000"}]},{"name":"Easy Squat | x99 per Squat","type":"checkbox","memory":[{"offset":"6321D19","on":"664181FC1094750983473C63E94D75EDFAC7473C01000000E94175EDFA","off":"0000000000000000000000000000000000000000000000000000000000"},{"offset":"11F9271","on":"E9A38A120590","off":"4889E5FF473C"}]},{"name":"Whack-a-Box | Third Place Reward","type":"checkbox","memory":[{"offset":"6323076","on":"41BE102700004489B7A0010000E90A43EFFA","off":"000000000000000000000000000000000000"},{"offset":"121738B","on":"E9E6BC10059090","off":"4489B7A0010000"}]},{"name":"Whack-a-Box | Second Place Reward","type":"checkbox","memory":[{"offset":"632308C","on":"41BE204E00004489B7A0010000E9F442EFFA","off":"000000000000000000000000000000000000"},{"offset":"121738B","on":"E9FCBC10059090","off":"4489B7A0010000"}]},{"name":"Whack-a-Box | First Place Reward","type":"checkbox","memory":[{"offset":"63230A2","on":"41BE307500004489B7A0010000E9DE42EFFA","off":"000000000000000000000000000000000000"},{"offset":"121738B","on":"E912BD10059090","off":"4489B7A0010000"}]},{"name":"Whack-a-Box | Max Score","type":"checkbox","memory":[{"offset":"63230B8","on":"41BE7F9698004489B7A0010000E9C842EFFA","off":"000000000000000000000000000000000000"},{"offset":"121738B","on":"E928BD10059090","off":"4489B7A0010000"}]},{"name":"Whack-a-Box | +50000 Each Box","type":"checkbox","memory":[{"offset":"63230CE","on":"4181C650C300004489B7A0010000E9B142EFFA","off":"00000000000000000000000000000000000000"},{"offset":"121738B","on":"E93EBD10059090","off":"4489B7A0010000"}]}],"credits":["GameX2"]}