{"name":"How To Survive","id":"CUSA00706","version":"01.00","process":"eboot.bin","mods":[{"name":"Godmode","type":"checkbox","memory":[{"offset":"2b2562","on":"41C78424F00600000000F0429090","off":"C5F25CC0C4C17A118424F0060000"},{"offset":"2a762d","on":"C783F00600000000F0429090","off":"C5FA5CC2C5FA1183F0060000"}]},{"name":"No Hunger","type":"checkbox","memory":[{"offset":"2a74d1","on":"C783641900000000803F9090","off":"C5E25CD2C5FA119364190000"}]},{"name":"No Thirst","type":"checkbox","memory":[{"offset":"2a7525","on":"C783681900000000803F9090","off":"C5DA5CE3C5FA11A368190000"}]},{"name":"Never Tired","type":"checkbox","memory":[{"offset":"2a7575","on":"C7836C1900000000803F9090","off":"C5DA5CDBC5FA119B6C190000"}]},{"name":"Infinite Stamina","type":"checkbox","memory":[{"offset":"2bafd6","on":"C5FA59C0","off":"C5F25DC0"}]},{"name":"Infinite Ammo","type":"checkbox","memory":[{"offset":"2ca1a1","on":"909090","off":"894B04"},{"offset":"2ca161","on":"41C7470CE70300009090","off":"8D49FF0F4EC841894F0C"},{"offset":"2ca19b","on":"C74304E70300009090","off":"2B88B8000000894B04"}]},{"name":"Infinite Firesticks","type":"checkbox","memory":[{"offset":"2b4e4d","on":"41C78424501800000000C8429090","off":"C5F057C9C4C17A11842450180000"}]},{"name":"Infinite Items","type":"checkbox","memory":[{"offset":"1b115a","on":"FFC0","off":"FFC8"},{"offset":"1a7feb","on":"01D1","off":"29D1"},{"offset":"1ab309","on":"41FF448608","off":"41FF4C8608"},{"offset":"1a9f35","on":"038D10FBFFFF","off":"2B8D10FBFFFF"},{"offset":"1a9ed3","on":"038D14FBFFFF","off":"2B8D14FBFFFF"},{"offset":"1a9ed3","on":"038D14FBFFFF","off":"2B8D14FBFFFF"}]},{"name":"Max XP","type":"checkbox","memory":[{"offset":"1b98b1","on":"894B0C","off":"897B0C"}]},{"name":"Infinite Skillpoints","type":"checkbox","memory":[{"offset":"1deb5b","on":"45899E80000000","off":"45898680000000"}]}],"credits":["DeathRGH","RS Glitching"]}