{"name":"Metal Gear Solid V: Phantom Pain","id":"CUSA05597","version":"01.00","process":"eboot.bin","mods":[{"name":"Godmode","type":"checkbox","memory":[{"offset":"10f305f","on":"90909090","off":"C5FA1108"}]},{"name":"Infinite Ammo","type":"checkbox","memory":[{"offset":"29c0d66","on":"909090","off":"0F47F1"}]},{"name":"Infinite Suppressor","type":"checkbox","memory":[{"offset":"29c0a17","on":"90909090","off":"884C4204"}]},{"name":"Max Money","type":"button","memory":[{"offset":"273a660","on":"41891E","off":"41891E"}]}],"credits":["Weysincha"]}