{"name":"FINAL FANTASY XV","id":"CUSA01615","version":"01.29","process":"eboot.bin","mods":[{"name":"Unlimited QP (get 1 qp time quest) + 99 items use / sell","type":"checkbox","memory":[{"offset":"104651A","on":"909090","off":"4139C5"}]},{"name":"Unlimited Gil on Shop buy / sell","type":"checkbox","memory":[{"offset":"1DD5913","on":"909090","off":"0F4ED1"},{"offset":"1DD6609","on":"909090","off":"0F4EC8"}]},{"name":"Unlimited AP get / spend","type":"checkbox","memory":[{"offset":"223E5E0","on":"909090","off":"0F4EF2"},{"offset":"108C84B","on":"909090","off":"0F4EF2"}]},{"name":"Max Level","type":"checkbox","memory":[{"offset":"100858D","on":"B9FFC99A3B90","off":"81F9FFC99A3B"}]},{"name":"Unlimited MP","type":"checkbox","memory":[{"offset":"FFD0AF","on":"9090909090","off":"3D0F270000"}]},{"name":"1 Max HP (Gray Bar Press Main Menu)","type":"checkbox","memory":[{"offset":"FFD16D","on":"90909090","off":"410F4FFE"}]},{"name":"Max HP (Gray Bar Press Main Menu)","type":"checkbox","memory":[{"offset":"FFD167","on":"90909090","off":"440F4EF0"}]},{"name":"Max Status (Base stats cap lvl 99)","type":"checkbox","memory":[{"offset":"FFF44D","on":"89C6","off":"39C6"}]}],"credits":["d01v"]}