{"name":"Watch Dogs®: Legion","id":"CUSA13115","version":"01.02","process":"eboot.bin","mods":[{"name":"Master Code Player Health","type":"checkbox","memory":[{"offset":"085E3D58","on":"C64370008BB3AC050000E9EC4F66F9","off":"000000000000000000000000000000"},{"offset":"01C48D4D","on":"E906B0990690","off":"8BB3AC050000"}]},{"name":"Infinite Health","type":"checkbox","memory":[{"offset":"085E3E03","on":"C7471C0000807FC5FA10471CC5FA114718C4C1782E87880C0000E9D5AFA8F8","off":"00000000000000000000000000000000000000000000000000000000000000"},{"offset":"0106EDEE","on":"E91050570790909090","off":"C4C1782E87880C0000"}]},{"name":"Keeping Player's Health","type":"checkbox","memory":[{"offset":"085E3D58","on":"C6437001","off":"C6437000"}]},{"name":"Lots of Bullets","type":"checkbox","memory":[{"offset":"085E3D67","on":"41BEE70300004C89B010010000E9090822F9","off":"000000000000000000000000000000000000"},{"offset":"0180457B","on":"E9E7F7DD069090","off":"448BB010010000"}]},{"name":"Lots of Magazine","type":"checkbox","memory":[{"offset":"085E3D79","on":"B80F270000894110498B0C24E956DC21F9","off":"0000000000000000000000000000000000"},{"offset":"018019D9","on":"E99B23DE069090","off":"8B4110498B0C24"}]},{"name":"No Wanted Level [ Don't Lock ]","type":"checkbox","memory":[{"offset":"085E3E50","on":"C74020000000004489F0E9C85107F9","off":"000000000000000000000000000000"},{"offset":"01659020","on":"E92BAEF8069090","off":"448B70204489F0"}]},{"name":"A lot of Etto","type":"checkbox","memory":[{"offset":"085E3D8A","on":"0F849AE38DFBC74024FFE0F505448B702444897020E9AAE28DFB","off":"0000000000000000000000000000000000000000000000000000"},{"offset":"03EC2044","on":"E9411D72049090909090","off":"0F84E6000000448B7020"}]},{"name":"Lots of Tech Points","type":"checkbox","memory":[{"offset":"085E3DA4","on":"488B004885C0C74030E7030000C7402CE7030000E987E28DFB","off":"00000000000000000000000000000000000000000000000000"},{"offset":"03EC203E","on":"E9611D720490","off":"488B004885C0"}]},{"name":"Hacking Without Cooldown","type":"checkbox","memory":[{"offset":"0163B87F","on":"B800000000","off":"B801000000"}]},{"name":"No Jam Turret","type":"checkbox","memory":[{"offset":"01E117B0","on":"C3","off":"55"}]},{"name":"Long Camouflage Duration","type":"checkbox","memory":[{"offset":"017C5E5E","on":"EB1B","off":"771B"}]},{"name":"Infinite Camouflage","type":"checkbox","memory":[{"offset":"017C6E70","on":"C3","off":"55"}]},{"name":"Undetected By Enemy","type":"checkbox","memory":[{"offset":"B99DF0","on":"C3","off":"55"}]},{"name":"Instant Cooldown Elec-Shock-Missl. Drone","type":"checkbox","memory":[{"offset":"010C3F58","on":"C5FA11530C","off":"C5FA11430C"}]},{"name":"Speed [1.35]","type":"checkbox","memory":[{"offset":"085E3DF2","on":"C7407CCDCCAC3FC5FB104078E92AB156FC","off":"0000000000000000000000000000000000"},{"offset":"04B4EF28","on":"E9C54EA903","off":"C5FB104078"}]},{"name":"Speed [1.5]","type":"checkbox","memory":[{"offset":"085E3DF2","on":"C7407C0000C03FC5FB104078E92AB156FC","off":"0000000000000000000000000000000000"},{"offset":"04B4EF28","on":"E9C54EA903","off":"C5FB104078"}]},{"name":"Speed [1.875]","type":"checkbox","memory":[{"offset":"085E3DF2","on":"C7407C0000F03FC5FB104078E92AB156FC","off":"0000000000000000000000000000000000"},{"offset":"04B4EF28","on":"E9C54EA903","off":"C5FB104078"}]},{"name":"Speed [1.95]","type":"checkbox","memory":[{"offset":"085E3DF2","on":"C7407C9A99F93FC5FB104078E92AB156FC","off":"0000000000000000000000000000000000"},{"offset":"04B4EF28","on":"E9C54EA903","off":"C5FB104078"}]},{"name":"Speed [2.15]","type":"checkbox","memory":[{"offset":"085E3DF2","on":"C7407C9A990940C5FB104078E92AB156FC","off":"0000000000000000000000000000000000"},{"offset":"04B4EF28","on":"E9C54EA903","off":"C5FB104078"}]}],"credits":["Gatot Kaca+KevinTamvan"]}