{"name":"NieR: Automata","id":"CUSA04480","version":"01.06","process":"eboot.bin","mods":[{"name":"Godmode","type":"checkbox","memory":[{"offset":"2e4314","on":"018318060100","off":"898318060100"}]},{"name":"Money","type":"checkbox","memory":[{"offset":"1393000","on":"488B4850BB7F9698000119C3","off":"000000000000000000000000"},{"offset":"71be62","on":"E89971C70090","off":"488B48500119"}]},{"name":"Max Level","type":"button","memory":[{"offset":"6b476d","on":"B87F96980089C190","off":"B87F96980089C190"}]}],"credits":["Weysincha"]}