{"name":"Darksiders Genesis","id":"CUSA12979","version":"01.03","process":"eboot.bin","mods":[{"name":"Inf health","type":"checkbox","memory":[{"offset":"5A47000","on":"C5FA108380030000C5FA11837C030000E913A2DBFA","off":"000000000000000000000000000000000000000000"},{"offset":"801220","on":"E9DB5D2405909090","off":"C5FA11837C030000"}]},{"name":"Inf Stamina","type":"checkbox","memory":[{"offset":"5A47100","on":"C5FA1083A4030000C5FA1183A0030000E902A3DBFA","off":"000000000000000000000000000000000000000000"},{"offset":"80140F","on":"E9EC5C2405909090","off":"C5FA1183A0030000"}]},{"name":"Inf Souls","type":"checkbox","memory":[{"offset":"5A471A0","on":"C4E270F2CEB9FFFF00008908E9C6EFBCFA","off":"0000000000000000000000000000000000"},{"offset":"616170","on":"E92B1043059090","off":"C4E270F2CE8908"}]},{"name":"Inf Boatman's Coins","type":"checkbox","memory":[{"offset":"6160E9","on":"83C663","off":"037004"}]}],"credits":["Saso"]}