{"name":"Resident Evil Origins 0","id":"CUSA02882","version":"01.00","process":"bh0hd.elf","mods":[{"name":"Godmode","type":"checkbox","memory":[{"offset":"168480","on":"E97B7A990090","off":"89B750130000"},{"offset":"afff00","on":"66817F0113F10F8505000000E9758566FF89B750130000E96A8566FF","off":"00000000000000000000000000000000000000000000000000000000"}]},{"name":"Infinite Pistol Ammo","type":"checkbox","memory":[{"offset":"1112d2","on":"9090909090","off":"478974FC08"}]},{"name":"Infinite Tapes","type":"checkbox","memory":[{"offset":"1109b9","on":"9090","off":"8902"}]}],"credits":["Talixme"]}